﻿ref,field_name,eng,jap,chi
1,ref,Reference,整理番号,整理番号
2,field_name,Field Name,フィールド,フィールド
3,eng,English,英語,英語
4,jap,Japanese,日本語,日本語
5,vendor_name,Vendor,業者名,業者名
6,description,Description,詳細,詳細
7,expense_item_ref,Expense Item Reference,経費明細参照 ,経費明細参照 
8,inv_amt,"Invoice Amount
(Net Of Discount
(Before Tax)","請求金額
(割引前)
(税引き前)","請求金額
(割引前)
(税引き前)"
9,tax_amt,Tax Amount,消費税額,消費税額
10,net_amt,Net,純,純
11,customer_name,Customer,顧客名,顧客名
12,income_item_ref,Revenue Item Reference,収益アイテム参照,収益アイテム参照
13,trans_type,Transaction Type,取引タイプ,取引タイプ
14,trans_type_code,Transaction Type Code,取引タイプコード,取引タイプコード
15,withdrawal_bank,Bank (Withdrawal),銀行（出金）,銀行（出金）
16,withdrawn_amt,Amount （Withdrawal),出金,出金
17,deposit_bank,Bank (Deposit),銀行（入金）,銀行（入金）
18,deposit_amt,Amount (Deposit),入金,入金
19,vendor_inv_array,-,-,-
20,vendor_invoice_num,Invoice Number (Vendor),"請求書番号
（業者）","請求書番号
（業者）"
21,pay_amt,"Amount 
(Payment)",支払金額,支払金額
22,valid_check_vendor,-,-,-
23,cust_inv_array,-,-,-
24,customer_inv_num,Invoice Number (Customer),"請求書番号
（顧客）","請求書番号
（顧客）"
25,receipt_amt,"Amount
(Received)",入金額,入金額
26,valid_check_customer,-,-,-
27,table_name,Table Name,リスト,リスト
28,link_location,Link Location,リンクセル,リンクセル
29,code,Language Code,言語コード,言語コード
30,tax_code,Tax Filing Code,"整理番号
（納税申告書）","整理番号
（納税申告書）"
31,process_type,Processing Type,"タイプ
（処理）","タイプ
（処理）"
32,first_settle,"Amount settled
 (if any)
on the invoice date","決済金額
（ある場合）","決済金額
（ある場合）"
33,invoice_date,"Invoice Date
(mm/dd/yyyy)","日付
(mm/dd/yyyy)","日付
(mm/dd/yyyy)"
34,payment_date,"Payment Date
(mm/dd/yyyy)","支払期日
(mm/dd/yyyy)","支払期日
(mm/dd/yyyy)"
35,display_name,"Name
(Displayed)","名
（表示）","名
（表示）"
36,company_address,Company Address,住所,住所
37,contact_person,Contact Person,連絡窓口,連絡窓口
38,contact_number,Phone Number,電話番号,電話番号
39,email,Email,Eメール,Eメール
40,approval_date,"Date Added
(mm/dd/yyyy)","追加日
(mm/dd/yyyy)","追加日
(mm/dd/yyyy)"
41,inv_num,Invoice Number,請求書番号,請求書番号
42,customer_ref,Customer Ref,"整理番号
(顧客)","整理番号
(顧客)"
43,vendor_ref,Vendor Ref,"整理番号
(業者)","整理番号
(業者)"
44,source_lang,Language Code,言語コード,言語コード
45,balance_due_before,"Balance Due 
(Before Payment)","残金
（お支払い前）","残金
（お支払い前）"
46,balance_due_after,"Balance Due
(After Payment)","残金
（後支払い）","残金
（後支払い）"
47,bank_num,"Bank Account Number (Eng)
(Bank Name - Bank Account Number)","銀行口座番号（英語で）
(銀行名 - 銀行口座番号)","銀行口座番号（英語で）
(銀行名 - 銀行口座番号)"
48,gl_acct_num,"General Ledger Account
Number","参照番号
(総勘定元帳)",總帳號碼
49,gl_acct_name,General Ledger Account,"総勘定元帳
勘定科目",總帳戶口
50,interbank,"Bank
(Fund Transfer)","銀行
(資金移動)","銀行
(資金移動)"
51,withdrawal_bank_ref,"Reference
(Withdrawal Bank)","整理番号
(出金銀行)","整理番号
(出金銀行)"
52,deposit_bank_ref,"Reference
(Deposit Bank)","整理番号
(入金銀行)","整理番号
(入金銀行)"
53,withdrawal_bank_acct_eng,"Bank Account Number
(English Display)","銀行口座番号
（英語で）","銀行口座番号
（英語で）"
54,deposit_bank_acct_eng,"Bank Account Number
(English Display)","銀行口座番号
（英語で）","銀行口座番号
（英語で）"
55,trans_ref_wtd,Transaction Reference,取引番号,取引番号
56,trans_ref_dep,Transaction Reference,取引番号,取引番号
57,interbank_dep_error_txt,Please select bank account again,銀行口座をもう一度選択してください,銀行口座をもう一度選択してください
58,error_msg,Warning Message,警告メッセージ,警告メッセージ
59,chi,Chinese,中国語,繁體中文
60,language,Select Language,言語を選択,選擇語言
61,debit_amt,Debit,デビット,借方
62,credit_amt,Credit,クレジット,貸方
63,trial_bal_txt,Trial Balance,試算表（しさんひょう）,試算表
64,inc_stmt_txt,"Income Statement
(UK: Profit & Loss)","損益計算書
（そんえきけいさんしょ））",損益表
65,bal_sht_txt,Balance Sheet,"貸借対照表
（たいしゃくたいしょうひょう）",資產負債表
66,Sales_txt,Sales Revenue,"売上高
（うりあげだか)",銷售額
67,cogs_txt,Cost Of Sales,"売上原価
（うりあげげんか)",銷售成本
68,gross_profit_txt,Gross Profit,"売上総利益
（うりあげそうりえき）",毛利
69,oper_inc_txt,Operating Income,"営業利益
（えいぎょうりえき）",營業收入
70,gen_admin_txt,General Admin Expense,"販売費および一般管理費
（はんばいひおよびいっぱんかんりひ）",一般和管理費用
71,end_bal_before_adj,"Ending Balance
(Before Adjustment)","期末残高（調整前）
（きまつざんだか　（ちょうせいまえ））",期末餘額（調整前)
